
insert into code_aggregate_type(id, name)
values
('obj_building', 'Building')
on conflict(id)
do nothing;

insert into code_part_list_type(id, name)
values
('building.ratingList', 'Ratings'),
('building.elementRatingList', 'Element Ratings'),
('building.materialDescriptionSet', 'Material Descriptions'),
('building.conditionDescriptionSet', 'Condition Descriptions'),
('building.measureDescriptionSet', 'Measure Descriptions')
on conflict(id)
do nothing;

insert into code_building_type(id, name)
values
('T01','01 Wohngebäude'),
('T02','02 Schulen'),
('T03','03 Industriebauten'),
('T04','04 Landw. Gebäude'),
('T05','05 Techn. Betriebe'),
('T06','06 Handel und Verwaltung'),
('T07','07 Justiz und Polizei'),
('T08','08 Fürsorge und Gesundheit'),
('T09','09 Kultus'),
('T10','10 Kultur und Geselligkeit'),
('T11','11 Gastgewerbe'),
('T12','12 Freizeit, Sport, Erholung'),
('T13','13 Verkehrsanlagen'),
('T14','14 Militär- und Schutzanlagen'),
('T15','15 Schutzbauten')
on conflict(id)
do nothing;

insert into code_building_sub_type(id, name, building_type_id)
values
('ST01-1','01 Behelfswohnungen','T01'),
('ST02-11','02 Mehrfamilienhäuser','T01'),
('ST-01-03','03 Terrassenhäuser','T01'),
('ST04-25','04 Wochenendhäuser','T01'),
('ST05-26','05 Einfamilienhäuser','T01'),
('ST06-33','06 Alterswohnungen','T01'),
('ST-01-07','07 Altersheime','T01'),
('ST08-42','08 Kinder- & Jugendheime','T01'),
('ST-01-09','09 Studentenheime','T01'),
('ST-01-10','10 Reiheneinfamilienhäuser','T01'),
('ST-01-11','11 Heimstätten','T01'),
('ST-01-12','12 Lagerhaus','T01'),
('ST01-4','01 Kinderhorte, Kindergärten','T02'),
('ST02-12','02 Primar- & Sekundarschulen','T02'),
('ST03-16','03 Berufs-/Höhere Fachsch.','T02'),
('ST05-27','04 Mittelschulen, Gymnasien','T02'),
('ST-02-05','05 Heilpädagogik','T02'),
('ST-02-06','06 Hochschulen, Universität','T02'),
('ST-02-07','07 Bibliotheken','T02'),
('ST-02-08','08 Forschung o.Labor','T02'),
('ST-02-09','09 Forschung m.Labor','T02'),
('ST-02-10','10 Turnhallen','T02'),
('ST-02-11','11 Sportplätze','T02'),
('ST01-6','01 Lagerhallen','T03'),
('ST-03-02','02 Mehrstöckige Lagerbauten','T03'),
('ST-03-03','03 Mechanisierte Lager, kühlen','T03'),
('ST-03-04','04 Silobauten','T03'),
('ST-03-05','05 Verteilzentralen','T03'),
('ST-03-06','06 Industriehallen','T03'),
('ST-03-07','07 Produktionsbauten','T03'),
('ST-03-08','08 Betriebs- &Gewerbegebäude','T03'),
('ST-03-09','09 Laborgebäude','T03'),
('ST01-8','01 Schuppen, Hütten','T04'),
('ST-04-02','02 Treibhäuser','T04'),
('ST03-21','03 Stallungen. landw. Anl.','T04'),
('ST-04-04','04 Tierheime','T04'),
('ST-04-05','05 Veterinärstationen','T04'),
('ST-04-06','06 Tierspitäler','T04'),
('ST-04-07','07 Schlachthöfe','T04'),
('ST-04-08','08 Wohnhaus mit Scheune','T04'),
('ST01-3','01 Heizzentr., Fernwärmeanl.','T05'),
('ST02-15','02 Wasseraufber. Kläranlagen','T05'),
('ST-05-03','03 Kerichtverbrennungsanlage','T05'),
('ST04-24','04 Tankanlagen','T05'),
('ST-05-05','05 Werkstätten, Büros','T05'),
('ST-06-01','01 Ladenbauten o. Grundausst.','T06'),
('ST02-10','02 Ladenbauten m. Grundausst.','T06'),
('ST03-17','03 Einfache Bürobauten','T06'),
('ST04-23','04 Bürobauten mit erh. Anford.','T06'),
('ST05-30','05 Verwaltungsgeb., Banken','T06'),
('ST06-35','06 Gemeindehäuser','T06'),
('ST07-40','07 Rathäuser','T06'),
('ST-06-08','08 Kleinbaute mit Merfachnutzung','T06'),
('ST-06-09','09 Kleingebäude, öff. WC','T06'),
('ST-07-01','01 Gerichtsgebäude','T07'),
('ST-07-02','02 Polizeieinsatzgebäude','T07'),
('ST-08-01','01 Tagesheime, gesch. Werkst.','T08'),
('ST-08-02','02 Arztpraxen, Ärztehäuser','T08'),
('ST-08-03','03 Krankenhäuser','T08'),
('ST-08-04','04 Universitätskliniken','T08'),
('ST-08-05','05 Pflegeheime','T08'),
('ST-08-06','06 Heilbäder','T08'),
('ST-08-07','07 Krankenhäuser, Behandlung','T08'),
('ST-08-08','08 Nebenbauten','T08'),
('ST01-5','01 Kirchen, Kapellen','T09'),
('ST-09-02','02 Kirchgemeindehäuser','T09'),
('ST03-18','03 Friedhofanlagen','T09'),
('ST-09-04','04 Krematorien','T09'),
('ST05-28','05 Klöster','T09'),
('ST-10-01','01 Provisorische Ausstellung','T10'),
('ST-10-02','02 Ausstellungsbauten','T10'),
('ST03-20','03 Ortsmuseen, Kunstgalerien','T10'),
('ST-10-04','04 Museen','T10'),
('ST05-32','05 Wohlfahrts- & Klubhäuser','T10'),
('ST06-36','06 Kleintheater','T10'),
('ST07-39','07 Konzert- & Theaterbauten','T10'),
('ST08-43','08 Musikpavillon','T10'),
('ST-10-09','09 Kinotheater, Discotheken','T10'),
('ST-10-10','10 Kongressbauten','T10'),
('ST11-47','11 Festhallen','T10'),
('ST-10-12','12 Historische Bauten','T10'),
('ST01-7','01 Restaurationsbetriebe','T11'),
('ST-11-02','02 Hotel- und Motelbauten','T11'),
('ST-11-03','03 Hotel und Motel garni','T11'),
('ST-11-04','04 Kantinen, Grossküchen','T11'),
('ST-11-05','05 Herbergen, Jugendherberge','T11'),
('ST-11-06','06 Raststätten, Cafeterias','T11'),
('ST-11-07','07 Klubhütten','T11'),
('ST-11-08','08 Berghäuser','T11'),
('ST09-44','09 Campinganlagen','T11'),
('ST01-9','01 Turn- und Sporthallen','T12'),
('ST02-13','02 Stadien, Sportplätze','T12'),
('ST03-22','03 Tribünen, Garderoben','T12'),
('ST-12-04','04 Kegel- und Bowlinganlagen','T12'),
('ST05-29','05 Kunsteisbahnen, Freibäder','T12'),
('ST-12-06','06 Kunsteishallen','T12'),
('ST07-38','07 Hallenbäder','T12'),
('ST-12-08','08 Reithallen','T12'),
('ST-12-09','09 Bootshäuser','T12'),
('ST10-45','10 Schiessanlagen','T12'),
('ST11-48','11 Freizeitzentren','T12'),
('ST-12-12','12 Pärke, Kinderspielplätze','T12'),
('ST-12-13','13 Zoolog. botan. Gärten','T12'),
('ST-12-14','14 Tierhäuser, Gewächshäuser','T12'),
('ST-12-15','15 Rutschbahn','T12'),
('ST-12-16','16 Geräteräume','T12'),
('ST01-2','01 Eingeschossige Garagen','T13'),
('ST02-14','02 Tiefgaragen','T13'),
('ST-13-03','03 Oberirdische Parkhäuser','T13'),
('ST-13-04','04 Strassenverkehrsgebäude','T13'),
('ST05-31','05 Werkhöfe','T13'),
('ST06-34','06 Autobahnzollanlagen','T13'),
('ST07-41','07 Tankstellen, Wartehallen','T13'),
('ST10-46','08 Bahnhöfe, Betriebsbauten','T13'),
('ST-13-09','09 Depots','T13'),
('ST-13-10','10 Seilbahnstationen','T13'),
('ST-13-11','11 Flughäfen','T13'),
('ST12-49','12 Hafenanlagen','T13'),
('ST-13-13','13 Fussgängerzonen','T13'),
('ST-13-14','14 Postgebäude','T13'),
('ST-13-15','15 Postbetriebsgebäude','T13'),
('ST-13-16','16 Velounterstand','T13'),
('ST-14-01','01 Kasernen','T14'),
('ST-14-02','02 Zeughäuser','T14'),
('ST03-19','03 Öfftl. Zivilschutzanlagen','T14'),
('ST-14-04','04 Sanitätsposten','T14'),
('ST-14-05','05 Gesch. Operationsstelle','T14'),
('ST-14-06','06 Zivilschutzausbildungsz.','T14'),
('ST07-37','07 Feuerwehrgebäude','T14'),
('ST-15-01','01 Unterstand','T15')
on conflict(id)
do nothing;

insert into code_building_maintenance_strategy(id, name)
values
('M','Minimal'),
('N','Normal'),
('NW','Normal Wohlen')
on conflict(id)
do nothing;

insert into code_building_part(
	id,
	name,
	--
	opt_restore_duration,
	opt_restore_time_value,
	max_restore_duration,
	max_restore_time_value,
	after_restore_time_value,
	--
	restore_cost_perc,
	new_build_cost_perc,
	--
	linear_duration,
	linear_time_value,
	--
	c10,
	c9,
	c8,
	c7,
	c6,
	c5,
	c4,
	c3,
	c2,
	c1,
	c0
)
values
('P1', 'Rohbau', 77, 0.58, 98, 0.32, 0.95, 138, 120, 12, 0.9, 4.62507945846734E-22, -2.67816396887131E-19, 6.73184650365873E-17, -9.64388300326902E-15, 8.69517499606928E-13, -5.14322746869219E-11, 2.01720457885679E-09, -5.168626783867E-08, -7.63358252131916E-05, 0.00184451149073684, 0.888916308822751),
('P48', 'Massiver Rohbau', 185, 0.51, 211, 0.28, 0.95, 138, 120, 94, 0.851266, 1.60557440443757E-21, -1.9712723113754E-18, 1.03918194567227E-15, -3.05480217024366E-13, 5.42196841917345E-11, -5.83060703445595E-09, 3.53413635869565E-07, -9.4545383188793E-06, 0, 0, 1.01535396958285),
('P49', 'Übriger Rohbau', 90, 0.65, 109, 0.38, 0.95, 138, 120, 47, 0.90076, 8.46845472687661E-19, -5.32526779709104E-16, 1.43604276899949E-13, -2.15589222748033E-11, 1.94965836552998E-09, -1.06437157327896E-07, 3.25445277824119E-06, -4.35103562732675E-05, 0, 0, 0.986488106135212),
('P2', 'Steildach', 39, 0.58, 49, 0.32, 0.95, 138, 120, 6, 0.9, 1.3758455178683E-18, -3.99048169306709E-16, 5.03341536672919E-14, -3.62392941074749E-12, 1.64333488260036E-10, -4.88561581695543E-09, 9.6053884851703E-08, -1.22779720971387E-06, -0.000298928657685797, 0.00366107549631756, 0.888966944040106),
('P3', 'Flachdach', 23, 0.7, 28, 0.19, 0.98, 152, 120, 16, 0.854545, -3.27416912731571E-12, 5.10455032750639E-10, -3.33538753730506E-08, 1.17215804431084E-06, -2.34541106642957E-05, 0.000254840719739557, -0.00118795256174862, 0, 0, 0, 2.10973305291253),
('P4', 'Fassaden', 39, 0.58, 54, 0.2, 0.95, 138, 120, 6, 0.9, 3.83219833514035E-19, -1.16764638982454E-16, 1.54913768381886E-14, -1.17495510195419E-12, 5.62431670492814E-11, -1.76982424086846E-09, 3.6949178574008E-08, -5.03118797244714E-07, -0.000304396143844884, 0.00368389071145046, 0.888927088312456),
('P5', 'Fenster', 29, 0.58, 40, 0.2, 0.95, 138, 120, 4, 0.911111, 4.83751766977205E-14, -1.1437394430638E-11, 1.17968987896355E-09, -6.96715000191389E-08, 2.59939122093842E-06, -6.37448015623476E-05, 0.00103561269622253, -0.0109484102529232, 0.0711298783696792, -0.25599113597015, 1.28784799926783),
('P6', 'Wärmeerzeugung', 20, 0.5, 30, 0.25, 0.95, 136, 120, 30, 0.25, 0, 0, 0, 0, 0, 0, 0, 0, 0, 0, 0),
('P7', 'Wärmeverteilung', 56, 0.68, 72, 0.18, 0.98, 152, 120, 41, 0.83103, -8.23199702955801E-17, 3.15016166211386E-14, -5.02780343724014E-12, 4.28394093136339E-10, -2.05365396999992E-08, 5.24085515904556E-07, -5.56643088123968E-06, 0, 0, 0, 0.899324605352007),
('P52', 'Zentrale Lufttechn. Anlagen', 30, 0.58, 42, 0.2, 0.95, 134, 110, 4, 0.913043, 4.41380825060308E-14, -1.06667895765891E-11, 1.12421508006188E-09, -6.78172619847686E-08, 2.58315310510141E-06, -6.46334566221444E-05, 0.00107058852201099, -0.0115289466254356, 0.0762724555533014, -0.279220873613053, 1.32944690532483),
('P53', 'Verteilnetz Lufttechn. Anlagen', 45, 0.68, 57, 0.18, 0.98, 151, 120, 33, 0.83, 2.02437090016604E-16, -6.85183968433925E-14, 9.86431042491476E-12, -7.7813567069385E-10, 3.57870668653477E-08, -9.20376370123402E-07, 1.04271978495133E-05, 0, 0, 0, 0.425281122679205),
('P8', 'Sanitär', 34, 0.68, 43, 0.18, 0.98, 151, 120, 24, 0.835152, -8.74793593927328E-14, 2.02931157980258E-11, -1.97389246982166E-09, 1.03331577799845E-07, -3.08287753896747E-06, 5.00184813384276E-05, -0.00034881186976412, 0, 0, 0, 2.71633626592154),
('P54', 'Sanitär-Apparate', 35, 0.58, 51, 0.14, 0.95, 133.7, 110, 5, 0.907407, 3.93406276211811E-15, -1.15493839891931E-12, 1.4788390671996E-10, -1.0839677878607E-08, 5.01765409729407E-07, -1.52604468089709E-05, 0.000307323690074285, -0.00402490896934906, 0.0322377723858704, -0.142734543080321, 1.1662719001247),
('P55', 'Sanitär-Leitungen', 45, 0.68, 57, 0.18, 0.98, 151.3, 120, 33, 0.83, 2.02437090016604E-16, -6.85183968433925E-14, 9.86431042491476E-12, -7.7813567069385E-10, 3.57870668653477E-08, -9.20376370123402E-07, 1.04271978495133E-05, 0, 0, 0, 0.425281122679205),
('P56', 'Transportanlagen', 30, 0.58, 42, 0.2, 0.95, 138, 120, 4, 0.913043, 4.41380825060308E-14, -1.06667895765891E-11, 1.12421508006188E-09, -6.78172619847686E-08, 2.58315310510141E-06, -6.46334566221444E-05, 0.00107058852201099, -0.0115289466254356, 0.0762724555533014, -0.279220873613053, 1.32944690532483),
('P9', 'Elektro', 45, 0.68, 57, 0.18, 0.98, 151, 120, 33, 0.83, 2.02437090016604E-16, -6.85183968433925E-14, 9.86431042491476E-12, -7.7813567069385E-10, 3.57870668653477E-08, -9.20376370123402E-07, 1.04271978495133E-05, 0, 0, 0, 0.425281122679205),
('P50', 'Starkstrom-Anlagen', 45, 0.68, 57, 0.18, 0.98, 144.6, 100, 33, 0.83, 2.02437090016604E-16, -6.85183968433925E-14, 9.86431042491476E-12, -7.7813567069385E-10, 3.57870668653477E-08, -9.20376370123402E-07, 1.04271978495133E-05, 0, 0, 0, 0.425281122679205),
('P51', 'Schwachstrom-Anlagen', 20, 0.68, 26, 0.18, 0.98, 142.3, 100, 14, 0.839731, -1.99550857191179E-11, 2.7791146271368E-09, -1.62283126367839E-07, 5.10040376942076E-06, -9.13811125181664E-05, 0.00089081785663006, -0.00373545457061076, 0, 0, 0, 3.49185099507019),
('P10', 'Übrige Technik', 20, 0.5, 30, 0.25, 0.95, 135.8, 120, 30, 0.25, 0, 0, 0, 0, 0, 0, 0, 0, 0, 0, 0),
('P11', 'Innenausbau', 29, 0.58, 42, 0.14, 0.95, 138, 120, 4, 0.911111, 3.75141353449987E-14, -9.0660670688257E-12, 9.5551798548776E-10, -5.76414047611704E-08, 2.19558323308867E-06, -0.00005493677756612, 0.000909986435277306, -0.00979961035238529, 0.0647302924579919, -0.236513276989017, 1.26337970558787),
('P57', 'Innenausbau Substanz', 35, 0.58, 51, 0.14, 0.95, 138, 120, 5, 0.907407, 3.93406276211811E-15, -1.15493839891931E-12, 1.4788390671996E-10, -1.0839677878607E-08, 5.01765409729407E-07, -1.52604468089709E-05, 0.000307323690074285, -0.00402490896934906, 0.0322377723858704, -0.142734543080321, 1.1662719001247),
('P58', 'Innenausbau Oberflächen', 20, 0.58, 29, 0.14, 0.95, 138, 120, 3, 0.903226, 3.67809132521511E-13, -6.20959991498592E-11, 4.58014765253777E-09, -1.93784324863958E-07, 5.19082968241108E-06, -9.16384678340661E-05, 0.00107530991429933, -0.00824432041638841, 0.0381819418053874, -0.0978226824637012, 1.00740285830465),
('P59', 'Kücheneinrichtung', 25, 0.58, 37, 0.14, 0.95, 138, 120, 3, 0.923077, 2.26596675721754E-13, -4.77478575351923E-11, 4.38089372255531E-09, -2.29618999758536E-07, 7.58120183588671E-06, -0.000163938275800416, 0.00233814515363197, -0.0215794941046193, 0.12174828766168, -0.377492301584198, 1.38719349929755),
('P12', 'Disponibel', 30, 0.58, 42, 0.2, 0.95, 138, 120, 4, 0.911111, 3.75141353449987E-14, -9.0660670688257E-12, 9.5551798548776E-10, -5.76414047611704E-08, 2.19558323308867E-06, -0.00005493677756612, 0.000909986435277306, -0.00979961035238529, 0.0647302924579919, -0.236513276989017, 1.26337970558787),
('P60', 'Disponibel langlebig', 45, 0.58, 63, 0.2, 0.95, 138, 120, 7, 0.9, -3.47306399097142E-21, -8.0704146419854E-19, 4.49514437039057E-16, -6.8819142271753E-14, 5.44279698263263E-12, -2.55520876417713E-10, 7.43785659483518E-09, -1.33997705437229E-07, -0.000225325283180815, 0.0031664425670958, 0.888907612562652),
('P61', 'Disponibel normal', 30, 0.58, 42, 0.2, 0.95, 138, 120, 4, 0.913043, 4.41380825060308E-14, -1.06667895765891E-11, 1.12421508006188E-09, -6.78172619847686E-08, 2.58315310510141E-06, -6.46334566221444E-05, 0.00107058852201099, -0.0115289466254356, 0.0762724555533014, -0.279220873613053, 1.32944690532483),
('P62', 'Disponibel kurzlebig', 15, 0.58, 20, 0.2, 0.95, 138, 120, 2, 0.909091, 2.57951381426734E-11, -3.01577417354821E-09, 1.54237845272831E-07, -4.53193949554138E-06, 8.44657813610142E-05, -0.00103992370800702, 0.0085338835559936, -0.0459099013080185, 0.152020597982199, -0.28134291959734, 1.1228369597101),
('P63', 'Fernmelde- und Informationstechnik', 10, 0.5, 15, 0.25, 0.9, 135.8, 120, 15, 0.25, 0, 0, 0, 0, 0, 0, 0, 0, 0, 0, 0),
('P64', 'Lufttechnische Anlagen', 20, 0.5, 30, 0.25, 0.93, 135.8, 120, 30, 0.25, 0, 0, 0, 0, 0, 0, 0, 0, 0, 0, 0),
('P65', 'Kältetechnische Anlagen', 15, 0.5, 23, 0.25, 0.92, 136.1, 120, 23, 0.25, 0, 0, 0, 0, 0, 0, 0, 0, 0, 0, 0),
('P66', 'Förderanlagen / übrige Technik', 20, 0.5, 30, 0.25, 0.93, 135.8, 120, 30, 0.25, 0, 0, 0, 0, 0, 0, 0, 0, 0, 0, 0)
on conflict(id)
do nothing;

insert into code_building_part_catalog(id, name, parts)
values
('C0', 'Spezial', 'P48:31,P2:8,P4:8,P5:8,P50:5,P51:1,P6:1,P7:2,P55:4,P54:2,P10:3,P57:15,P58:12,P59,P60,P61,P62'),
('C6', 'Einfamilienhaus', 'P48:30,P2:13,P3,P4:8,P5:13,P50:2,P51:1,P6:4,P7:3,P52,P53,P55:4,P54:2,P56,P10,P57:10,P58:6,P59:4,P60,P61,P62'),
('C7', 'Mehrfamilienhaus', 'P48:35,P2:8,P3,P4:7,P5:11,P50:3,P51:1,P6:2,P7:3,P52,P53,P55:4,P54:3,P56:2,P10,P57:9,P58:8,P59:4,P60,P61,P62'),
('C8', 'Kindergarten', 'P48:24,P2:20,P3,P4:8,P5:14,P50:3,P51:1,P6:3,P7:3,P52,P53,P55:3,P54:1,P56,P10,P57:17,P58:3,P59,P60,P61,P62'),
('C9', 'Schule', 'P48:41,P2,P3:8,P4:7,P5:10,P50:6,P51:1,P6:1,P7:3,P52,P53,P55:2,P54:2,P56,P10,P57:11,P58:8,P59,P60,P61,P62'),
('C10', 'Schule mit Labor', 'P48:32,P2,P3:6,P4:10,P5:9,P50:6,P51:1,P6:1,P7:2,P52:3,P53:3,P55:2,P54:2,P56:2,P10,P57:12,P58:9,P59,P60,P61,P62'),
('C14', 'Lagerhalle', 'P49:38,P2:16,P3,P4:11,P5:7,P50:5,P51:1,P6:2,P7:5,P52,P53,P55:1,P54:1,P56,P10:2,P57:8,P58:3,P59,P60,P61,P62'),
('C15', 'Produktionshalle', 'P48:41,P2:13,P3,P4:4,P5:8,P50:6,P51:1,P6:1,P7:4,P52,P53,P55:4,P54:1,P56,P10:3,P57:10,P58:4,P59,P60,P61,P62'),
('C16', 'Gewerbegebäude', 'P48:39,P2,P3:12,P4:6,P5:11,P50:6,P51:1,P6:1,P7:3,P52,P53,P55:3,P54:2,P56:3,P10,P57:9,P58:4,P59,P60,P61,P62'),
('C19', 'Heizzentrale', 'P48:37,P2,P3:4,P4:4,P5:4,P50:4,P51:2,P6:35,P7:3,P54:1,P56,P10:2,P57:3,P58:1,P59,P60,P61,P62'),
('C20', 'Ladenbau', 'P48:30,P2:13,P3,P4:8,P5:6,P50:8,P51:3,P6:2,P7:1,P52:8,P53:4,P55:2,P54:1,P56:1,P10,P57:8,P58:5,P59,P60,P61,P62'),
('C21', 'Bürogebäude einfach', 'P48:28,P2:10,P3,P4:8,P5:14,P50:6,P51:2,P6:1,P7:3,P52,P53,P55:3,P54:1,P56:2,P10,P57:14,P58:8,P59,P60,P61,P62'),
('C22', 'Bürogebäude komplex', 'P48:27,P2,P3:5,P4:11,P5:10,P50:10,P51:2,P6:2,P7:4,P52:2,P53:2,P55:3,P54:1,P56:2,P10,P57:13,P58:6,P59,P60,P61,P62'),
('C23', 'Bürogebäude differenziert', 'P48:27,P2,P3:5,P4:11,P5:10,P50:10,P51:2,P6:2,P7:4,P52:2,P53:2,P55:1,P54:3,P56:2,P10,P57:12,P58:7,P59,P60,P61,P62'),
('C24', 'Container / Baracke', 'P48:35,P2,P3:10,P4:7,P5:11,P50:3,P51:1,P6:2,P7:3,P52,P53,P55:4,P54:3,P56,P10,P57:9,P58:8,P59:4,P60,P61,P62'),
('C28', 'Pflegeheim', 'P48:35,P2:8,P3,P4:7,P5:11,P50:3,P51:1,P6:2,P7:4,P52,P53,P55:6,P54:2,P56,P10,P57:12,P58:9,P60,P61,P62'),
('C29', 'Saalbau', 'P48:23,P2:14,P3,P4:10,P5:12,P50:3,P51:1,P6:1,P7:4,P52:3,P53:3,P55:3,P54:2,P56,P10,P57:11,P58:4,P59:6,P60,P61,P62'),
('C30', 'Restaurationsbetrieb', 'P48:29,P2,P3:9,P4:7,P5:9,P50:8,P51:1,P6:2,P7:4,P52:4,P53:4,P55:6,P54:2,P10,P57:11,P58:4,P60,P61,P62'),
('C31', 'Hotel', 'P48:35,P3:7,P4:6,P5:8,P50:5,P51:2,P6:2,P7:4,P52:1,P53:1,P55:4,P54:5,P10,P57:9,P58:11,P60,P61,P62'),
('C33', 'Sporthalle', 'P48:32,P2,P3:13,P4:6,P5:8,P50:4,P51:1,P6:3,P7:3,P52:2,P53:2,P55:3,P54:2,P56,P10,P57:10,P58:11,P59,P60,P61,P62'),
('C34', 'Hallenbad', 'P48:38,P2,P3:4,P4:5,P5:6,P50:3,P51:1,P6:1,P7:4,P52:8,P53:3,P55:5,P54:3,P56:3,P10,P57:8,P58:8,P59,P60,P61,P62'),
('C35', 'Tiefgarage', 'P48:63,P2,P3:17,P4:1,P5:1,P50:3,P51:1,P6,P7,P52:3,P53:3,P54:1,P56:2,P10,P57:2,P58:3,P59,P60,P61,P62'),
('C36', 'Parkhaus', 'P48:63,P2,P3:20,P4:1,P5:1,P50:3,P51:1,P6,P7,P52,P53,P54:1,P56:2,P10,P57:2,P58:3,P59,P60,P61:3,P62'),
('C37', 'Werkhof', 'P48:32,P2,P3:7,P4:6,P5:15,P50:8,P51:1,P6:2,P7:4,P52:3,P53:3,P55:3,P54:1,P56:2,P10,P57:8,P58:5,P59,P60,P61,P62'),
('C38', 'Zivilschutzanlage', 'P48:48,P49,P2,P3:20,P5:2,P50:5,P51:1,P52:2,P53:2,P55:3,P54:3,P56,P57:2,P58:10,P59:2,P60,P61,P62')
on conflict(id)
do nothing;

insert into code_building_rating_status(id, name)
values
('open','Open'),
('review','Review'),
('done','Done'),
('discard','Discarded')
on conflict(id)
do nothing;

insert into code_building_price_index(id, name)
values
('ch-ZRH', 'Baukostenindex Zürich')
on conflict(id)
do nothing;

insert into code_building_price_index_value(building_price_index_id, year, value)
values
('ch-ZRH', 1939, 100),
('ch-ZRH', 1940, 112.4),
('ch-ZRH', 1941, 121.1),
('ch-ZRH', 1942, 139.6),
('ch-ZRH', 1943, 147.1),
('ch-ZRH', 1944, 155.4),
('ch-ZRH', 1945, 160.5),
('ch-ZRH', 1946, 165.9),
('ch-ZRH', 1947, 183.7),
('ch-ZRH', 1948, 196.6),
('ch-ZRH', 1949, 194.9),
('ch-ZRH', 1950, 183.5),
('ch-ZRH', 1951, 185.8),
('ch-ZRH', 1952, 202.4),
('ch-ZRH', 1953, 201.5),
('ch-ZRH', 1954, 194.8),
('ch-ZRH', 1955, 196.3),
('ch-ZRH', 1956, 202.5),
('ch-ZRH', 1957, 211.1),
('ch-ZRH', 1958, 212.4),
('ch-ZRH', 1959, 215.1),
('ch-ZRH', 1960, 219.7),
('ch-ZRH', 1961, 237.1),
('ch-ZRH', 1962, 257.9),
('ch-ZRH', 1963, 277.5),
('ch-ZRH', 1964, 297.6),
('ch-ZRH', 1965, 310.6),
('ch-ZRH', 1966, 319.7),
('ch-ZRH', 1967, 322.6),
('ch-ZRH', 1968, 325.4),
('ch-ZRH', 1969, 331.4),
('ch-ZRH', 1970, 374.7),
('ch-ZRH', 1971, 421.2),
('ch-ZRH', 1972, 466),
('ch-ZRH', 1973, 512.7),
('ch-ZRH', 1974, 557.5),
('ch-ZRH', 1975, 535.5),
('ch-ZRH', 1976, 500.4),
('ch-ZRH', 1977, 515.1),
('ch-ZRH', 1978, 531.3),
('ch-ZRH', 1979, 549.2),
('ch-ZRH', 1980, 600),
('ch-ZRH', 1981, 654.1),
('ch-ZRH', 1982, 698.4),
('ch-ZRH', 1983, 670.2),
('ch-ZRH', 1984, 670.3),
('ch-ZRH', 1985, 684.8),
('ch-ZRH', 1986, 705.2),
('ch-ZRH', 1987, 718.9),
('ch-ZRH', 1988, 750.3),
('ch-ZRH', 1989, 790.1),
('ch-ZRH', 1990, 858.5),
('ch-ZRH', 1991, 911.2),
('ch-ZRH', 1992, 905.2),
('ch-ZRH', 1993, 863.8),
('ch-ZRH', 1994, 853.1),
('ch-ZRH', 1995, 874.2),
('ch-ZRH', 1996, 861.1),
('ch-ZRH', 1997, 847.4),
('ch-ZRH', 1998, 843.8),
('ch-ZRH', 1999, 854.4),
('ch-ZRH', 2000, 887.1),
('ch-ZRH', 2001, 929.3),
('ch-ZRH', 2002, 928.4),
('ch-ZRH', 2003, 899.2),
('ch-ZRH', 2004, 907.6),
('ch-ZRH', 2005, 929.5),
('ch-ZRH', 2006, 944.5),
('ch-ZRH', 2007, 987.4),
('ch-ZRH', 2008, 1026.8),
('ch-ZRH', 2009, 1030.7),
('ch-ZRH', 2010, 1042.6),
('ch-ZRH', 2011, 1059.8),
('ch-ZRH', 2012, 1067.4),
('ch-ZRH', 2013, 1060.9),
('ch-ZRH', 2014, 1066.1),
('ch-ZRH', 2015, 1053.2),
('ch-ZRH', 2016, 1034.4),
('ch-ZRH', 2017, 1034.5),
('ch-ZRH', 2018, 1036.8),
('ch-ZRH', 2019, 1046.3),
('ch-ZRH', 2020, 1045.6),
('ch-ZRH', 2021, 1057.68);
